{
  "id": 10480,
  "date": "2024-06-01T06:02:25",
  "date_gmt": "2024-06-01T06:02:25",
  "guid": { "rendered": "https://streamblasters.pm/?p=10480" },
  "modified": "2024-06-01T06:40:19",
  "modified_gmt": "2024-06-01T06:40:19",
  "slug": "garudan-2024-tamil-hq-real-predvd-hq-line-audio-hc-esub-watch-online",
  "status": "publish",
  "type": "post",
  "link": "https://streamblasters.pm/garudan-2024-tamil-hq-real-predvd-hq-line-audio-hc-esub-watch-online/",
  "title": {
    "rendered": "Garudan (2024) Tamil HQ REAL PreDVD (HQ Line Audio) + HC-ESub Watch Online"
  },
  "content": { "rendered": "", "protected": false },
  "excerpt": { "rendered": "", "protected": false },
  "author": 7,
  "featured_media": 10484,
  "comment_status": "open",
  "ping_status": "open",
  "sticky": false,
  "template": "",
  "format": "video",
  "meta": { "footnotes": "" },
  "categories": [2366],
  "tags": [],
  "cmb2": {
    "poster_feature_image": {
      "vid_m_player_background": "off",
      "vid_m_poster_image": "",
      "vid_m_poster_image_id": ""
    },
    "gif_feature_image": { "vid_m_gif_image": "", "vid_m_gif_image_id": "" },
    "video_movie_settings": {
      "vid_m_director": "",
      "vid_m_actor": "",
      "vid_m_imdb_ratings": "tt27561663",
      "vid_m_amazon_associates": "",
      "vid_m_vid_tmdb_movie": ["1186312"],
      "vid_m_vid_tmdb_tv_shows": "",
      "vid_m_vid_tmdb_thumb": "no"
    },
    "vid_ads_m_videoads_settings_post": {
      "vid_ads_m_video_ads": "",
      "vid_ads_m_video_ads_type": "",
      "vid_ads_m_group_google_ima": "",
      "vid_ads_m_group_image": "",
      "vid_ads_m_group_html5_video": "",
      "vid_ads_m_group_html": "",
      "vid_ads_m_vpaid_mode": "no",
      "vid_ads_m_vast_preroll": "",
      "vid_ads_m_vast_postroll": "",
      "vid_ads_m_vast_pauseroll": "",
      "vid_ads_m_vast_midroll": [{ "vid_ads_m_vast_timer_seconds": "50" }],
      "vid_ads_m_group_dynamic": [
        {
          "vid_ads_m_dynamic_type": "image",
          "vid_ads_m_dynamic_size_desktop": "336x280",
          "vid_ads_m_dynamic_size_mobile": "300x250",
          "vid_ads_m_dynamic_vertial_align": "bottom"
        }
      ],
      "vid_ads_m_time_to_show_ads": "",
      "vid_ads_m_time_skip_ads": "",
      "vid_ads_m_time_to_hide_ads": ""
    },
    "feature_image_settings": { "feature_image_position": "" },
    "video_player_settings": {
      "single_video_style": "",
      "video_player_position": "",
      "vm_video_url_btn_choose": "",
      "vm_video_url_btn_choose_id": "",
      "vm_video_url": "<iframe width=\"720\" height=\"304\" src=\"https://d000d.com/e/6ltz64y9v3qi\" scrolling=\"no\" frameborder=\"0\" allowfullscreen=\"true\"></iframe>",
      "vm_video_ratio": "16:9",
      "vm_video_ratio_mobile": "16:9",
      "video_player_library": "",
      "plyr_player": "",
      "video_streaming": "",
      "vm_video_shortcode": "",
      "vm_video_timelapse": "",
      "vm_media_subtitles": "",
      "vm_media_sources": "",
      "vid_vtt_preview": "off",
      "vid_vtt_preview_vtt_file": "",
      "vid_vtt_preview_vtt_file_id": "",
      "vid_vtt_preview_sprite_image": "",
      "vid_vtt_preview_sprite_image_id": "",
      "vid_auto_play": "",
      "vid_preview_mode": "",
      "vm_video_trailer_manl_url": "",
      "vm_screenshot_preview": "",
      "vid_tags": "",
      "vid_p_sync_playlist": "",
      "vid_c_sync_channel": "",
      "get_post_format": "",
      "multiple_links_structure": "default",
      "multi_links_title": "Other Sources. - (Use VPN To Watch Online Movies & Series)",
      "original_video_title": "Source 1",
      "multi_links_series": "",
      "vm_video_multi_links": [
        {
          "ml_label": "Source 2",
          "ml_url_mm": "",
          "ml_url": "<iframe width=\"720\" height=\"304\" src=\"https://swdyu.com/e/97v9j28bpfr5\" scrolling=\"no\" frameborder=\"0\" allowfullscreen=\"true\"></iframe>",
          "ml_shortcode": ""
        },
        {
          "ml_label": "Source 3",
          "ml_url": "<iframe width=\"720\" height=\"304\" src=\"https://vidhidepre.com/embed/avkc28borcul\" scrolling=\"no\" frameborder=\"0\" allowfullscreen=\"true\"></iframe>"
        }
      ],
      "vm_duration": "",
      "vid_social_locker": "off",
      "vid_locker_mode": "social",
      "vid_social_locker_id": "",
      "vid_social_email_locker_id": "",
      "vid_social_signin_locker_id": "",
      "sv_login_to_watch": "",
      "vid_membership_action": "content-video",
      "vm_video_trailer_url": "",
      "vid_download_type": "free",
      "vid_download_target": "download",
      "vid_woo_product": "",
      "vid_download_mode": "",
      "vid_download_mode_trailer": "",
      "vm_media_download": "",
      "user_rating": "",
      "user_rating_position": "",
      "user_rating_mode": "",
      "user_rating_multi_sets": "",
      "ads_above_single_player": ""
    },
    "video_auto_fetch_settings": { "vm_video_fetch": "on" },
    "video_fake_views_likes": {
      "vm_fake_views": "",
      "vm_fake_likes": "",
      "vm_fake_dislikes": ""
    },
    "gallery_settings": { "gallery_position": "" },
    "quote_settings": { "quote_position": "" },
    "post_options": {
      "main_layout": "",
      "main_logo": "",
      "main_logo_id": "",
      "main_logo_retina": "",
      "main_logo_retina_id": "",
      "main_logo_mobile": "",
      "main_logo_mobile_id": "",
      "main_logo_mobile_retina": "",
      "main_logo_mobile_retina_id": "",
      "sticky_logo": "",
      "sticky_logo_id": "",
      "sticky_logo_retina": "",
      "sticky_logo_retina_id": "",
      "main_nav_layout": "",
      "header_background": "",
      "theme_sidebar": "",
      "single_post_comment_type": "",
      "theme_background": ""
    }
  },
  "_links": {
    "self": [{ "href": "https://streamblasters.pm/wp-json/wp/v2/posts/10480" }],
    "collection": [{ "href": "https://streamblasters.pm/wp-json/wp/v2/posts" }],
    "about": [{ "href": "https://streamblasters.pm/wp-json/wp/v2/types/post" }],
    "author": [
      {
        "embeddable": true,
        "href": "https://streamblasters.pm/wp-json/wp/v2/users/7"
      }
    ],
    "replies": [
      {
        "embeddable": true,
        "href": "https://streamblasters.pm/wp-json/wp/v2/comments?post=10480"
      }
    ],
    "version-history": [
      {
        "count": 1,
        "href": "https://streamblasters.pm/wp-json/wp/v2/posts/10480/revisions"
      }
    ],
    "predecessor-version": [
      {
        "id": 10481,
        "href": "https://streamblasters.pm/wp-json/wp/v2/posts/10480/revisions/10481"
      }
    ],
    "wp:featuredmedia": [
      {
        "embeddable": true,
        "href": "https://streamblasters.pm/wp-json/wp/v2/media/10484"
      }
    ],
    "wp:attachment": [
      { "href": "https://streamblasters.pm/wp-json/wp/v2/media?parent=10480" }
    ],
    "wp:term": [
      {
        "taxonomy": "category",
        "embeddable": true,
        "href": "https://streamblasters.pm/wp-json/wp/v2/categories?post=10480"
      },
      {
        "taxonomy": "post_tag",
        "embeddable": true,
        "href": "https://streamblasters.pm/wp-json/wp/v2/tags?post=10480"
      }
    ],
    "curies": [
      { "name": "wp", "href": "https://api.w.org/{rel}", "templated": true }
    ]
  }
}
