[
  {
    "id": 10480,
    "date": "2024-06-01T06:02:25",
    "date_gmt": "2024-06-01T06:02:25",
    "guid": { "rendered": "https://streamblasters.pm/?p=10480" },
    "modified": "2024-06-01T06:40:19",
    "modified_gmt": "2024-06-01T06:40:19",
    "slug": "garudan-2024-tamil-hq-real-predvd-hq-line-audio-hc-esub-watch-online",
    "status": "publish",
    "type": "post",
    "link": "https://streamblasters.pm/garudan-2024-tamil-hq-real-predvd-hq-line-audio-hc-esub-watch-online/",
    "title": {
      "rendered": "Garudan (2024) Tamil HQ REAL PreDVD (HQ Line Audio) + HC-ESub Watch Online"
    },
    "content": { "rendered": "", "protected": false },
    "excerpt": { "rendered": "", "protected": false },
    "author": 7,
    "featured_media": 10484,
    "comment_status": "open",
    "ping_status": "open",
    "sticky": false,
    "template": "",
    "format": "video",
    "meta": { "footnotes": "" },
    "categories": [2366],
    "tags": [],
    "cmb2": {
      "poster_feature_image": {
        "vid_m_player_background": "off",
        "vid_m_poster_image": "",
        "vid_m_poster_image_id": ""
      },
      "gif_feature_image": { "vid_m_gif_image": "", "vid_m_gif_image_id": "" },
      "video_movie_settings": {
        "vid_m_director": "",
        "vid_m_actor": "",
        "vid_m_imdb_ratings": "tt27561663",
        "vid_m_amazon_associates": "",
        "vid_m_vid_tmdb_movie": ["1186312"],
        "vid_m_vid_tmdb_tv_shows": "",
        "vid_m_vid_tmdb_thumb": "no"
      },
      "vid_ads_m_videoads_settings_post": {
        "vid_ads_m_video_ads": "",
        "vid_ads_m_video_ads_type": "",
        "vid_ads_m_group_google_ima": "",
        "vid_ads_m_group_image": "",
        "vid_ads_m_group_html5_video": "",
        "vid_ads_m_group_html": "",
        "vid_ads_m_vpaid_mode": "no",
        "vid_ads_m_vast_preroll": "",
        "vid_ads_m_vast_postroll": "",
        "vid_ads_m_vast_pauseroll": "",
        "vid_ads_m_vast_midroll": [{ "vid_ads_m_vast_timer_seconds": "50" }],
        "vid_ads_m_group_dynamic": [
          {
            "vid_ads_m_dynamic_type": "image",
            "vid_ads_m_dynamic_size_desktop": "336x280",
            "vid_ads_m_dynamic_size_mobile": "300x250",
            "vid_ads_m_dynamic_vertial_align": "bottom"
          }
        ],
        "vid_ads_m_time_to_show_ads": "",
        "vid_ads_m_time_skip_ads": "",
        "vid_ads_m_time_to_hide_ads": ""
      },
      "feature_image_settings": { "feature_image_position": "" },
      "video_player_settings": {
        "single_video_style": "",
        "video_player_position": "",
        "vm_video_url_btn_choose": "",
        "vm_video_url_btn_choose_id": "",
        "vm_video_url": "<iframe width=\"720\" height=\"304\" src=\"https://d000d.com/e/6ltz64y9v3qi\" scrolling=\"no\" frameborder=\"0\" allowfullscreen=\"true\"></iframe>",
        "vm_video_ratio": "16:9",
        "vm_video_ratio_mobile": "16:9",
        "video_player_library": "",
        "plyr_player": "",
        "video_streaming": "",
        "vm_video_shortcode": "",
        "vm_video_timelapse": "",
        "vm_media_subtitles": "",
        "vm_media_sources": "",
        "vid_vtt_preview": "off",
        "vid_vtt_preview_vtt_file": "",
        "vid_vtt_preview_vtt_file_id": "",
        "vid_vtt_preview_sprite_image": "",
        "vid_vtt_preview_sprite_image_id": "",
        "vid_auto_play": "",
        "vid_preview_mode": "",
        "vm_video_trailer_manl_url": "",
        "vm_screenshot_preview": "",
        "vid_tags": "",
        "vid_p_sync_playlist": "",
        "vid_c_sync_channel": "",
        "get_post_format": "",
        "multiple_links_structure": "default",
        "multi_links_title": "Other Sources. - (Use VPN To Watch Online Movies & Series)",
        "original_video_title": "Source 1",
        "multi_links_series": "",
        "vm_video_multi_links": [
          {
            "ml_label": "Source 2",
            "ml_url_mm": "",
            "ml_url": "<iframe width=\"720\" height=\"304\" src=\"https://swdyu.com/e/97v9j28bpfr5\" scrolling=\"no\" frameborder=\"0\" allowfullscreen=\"true\"></iframe>",
            "ml_shortcode": ""
          },
          {
            "ml_label": "Source 3",
            "ml_url": "<iframe width=\"720\" height=\"304\" src=\"https://vidhidepre.com/embed/avkc28borcul\" scrolling=\"no\" frameborder=\"0\" allowfullscreen=\"true\"></iframe>"
          }
        ],
        "vm_duration": "",
        "vid_social_locker": "off",
        "vid_locker_mode": "social",
        "vid_social_locker_id": "",
        "vid_social_email_locker_id": "",
        "vid_social_signin_locker_id": "",
        "sv_login_to_watch": "",
        "vid_membership_action": "content-video",
        "vm_video_trailer_url": "",
        "vid_download_type": "free",
        "vid_download_target": "download",
        "vid_woo_product": "",
        "vid_download_mode": "",
        "vid_download_mode_trailer": "",
        "vm_media_download": "",
        "user_rating": "",
        "user_rating_position": "",
        "user_rating_mode": "",
        "user_rating_multi_sets": "",
        "ads_above_single_player": ""
      },
      "video_auto_fetch_settings": { "vm_video_fetch": "on" },
      "video_fake_views_likes": {
        "vm_fake_views": "",
        "vm_fake_likes": "",
        "vm_fake_dislikes": ""
      },
      "gallery_settings": { "gallery_position": "" },
      "quote_settings": { "quote_position": "" },
      "post_options": {
        "main_layout": "",
        "main_logo": "",
        "main_logo_id": "",
        "main_logo_retina": "",
        "main_logo_retina_id": "",
        "main_logo_mobile": "",
        "main_logo_mobile_id": "",
        "main_logo_mobile_retina": "",
        "main_logo_mobile_retina_id": "",
        "sticky_logo": "",
        "sticky_logo_id": "",
        "sticky_logo_retina": "",
        "sticky_logo_retina_id": "",
        "main_nav_layout": "",
        "header_background": "",
        "theme_sidebar": "",
        "single_post_comment_type": "",
        "theme_background": ""
      }
    },
    "_links": {
      "self": [
        { "href": "https://streamblasters.pm/wp-json/wp/v2/posts/10480" }
      ],
      "collection": [
        { "href": "https://streamblasters.pm/wp-json/wp/v2/posts" }
      ],
      "about": [
        { "href": "https://streamblasters.pm/wp-json/wp/v2/types/post" }
      ],
      "author": [
        {
          "embeddable": true,
          "href": "https://streamblasters.pm/wp-json/wp/v2/users/7"
        }
      ],
      "replies": [
        {
          "embeddable": true,
          "href": "https://streamblasters.pm/wp-json/wp/v2/comments?post=10480"
        }
      ],
      "version-history": [
        {
          "count": 1,
          "href": "https://streamblasters.pm/wp-json/wp/v2/posts/10480/revisions"
        }
      ],
      "predecessor-version": [
        {
          "id": 10481,
          "href": "https://streamblasters.pm/wp-json/wp/v2/posts/10480/revisions/10481"
        }
      ],
      "wp:featuredmedia": [
        {
          "embeddable": true,
          "href": "https://streamblasters.pm/wp-json/wp/v2/media/10484"
        }
      ],
      "wp:attachment": [
        { "href": "https://streamblasters.pm/wp-json/wp/v2/media?parent=10480" }
      ],
      "wp:term": [
        {
          "taxonomy": "category",
          "embeddable": true,
          "href": "https://streamblasters.pm/wp-json/wp/v2/categories?post=10480"
        },
        {
          "taxonomy": "post_tag",
          "embeddable": true,
          "href": "https://streamblasters.pm/wp-json/wp/v2/tags?post=10480"
        }
      ],
      "curies": [
        { "name": "wp", "href": "https://api.w.org/{rel}", "templated": true }
      ]
    }
  },
  {
    "id": 10501,
    "date": "2024-05-31T17:06:57",
    "date_gmt": "2024-05-31T17:06:57",
    "guid": { "rendered": "https://streamblasters.pm/?p=10501" },
    "modified": "2024-05-31T17:16:27",
    "modified_gmt": "2024-05-31T17:16:27",
    "slug": "boomi-enna-suthuthey-2024-tamil-web-hd-watch-online",
    "status": "publish",
    "type": "post",
    "link": "https://streamblasters.pm/boomi-enna-suthuthey-2024-tamil-web-hd-watch-online/",
    "title": {
      "rendered": "Boomi Enna Suthuthey (2024) Tamil WEB-HD Watch Online"
    },
    "content": { "rendered": "", "protected": false },
    "excerpt": { "rendered": "", "protected": false },
    "author": 7,
    "featured_media": 10503,
    "comment_status": "open",
    "ping_status": "open",
    "sticky": false,
    "template": "",
    "format": "video",
    "meta": { "footnotes": "" },
    "categories": [2366],
    "tags": [],
    "cmb2": {
      "poster_feature_image": {
        "vid_m_player_background": "off",
        "vid_m_poster_image": "",
        "vid_m_poster_image_id": ""
      },
      "gif_feature_image": { "vid_m_gif_image": "", "vid_m_gif_image_id": "" },
      "video_movie_settings": {
        "vid_m_director": "",
        "vid_m_actor": "",
        "vid_m_imdb_ratings": "",
        "vid_m_amazon_associates": "",
        "vid_m_vid_tmdb_movie": "",
        "vid_m_vid_tmdb_tv_shows": "",
        "vid_m_vid_tmdb_thumb": "no"
      },
      "vid_ads_m_videoads_settings_post": {
        "vid_ads_m_video_ads": "",
        "vid_ads_m_video_ads_type": "",
        "vid_ads_m_group_google_ima": "",
        "vid_ads_m_group_image": "",
        "vid_ads_m_group_html5_video": "",
        "vid_ads_m_group_html": "",
        "vid_ads_m_vpaid_mode": "no",
        "vid_ads_m_vast_preroll": "",
        "vid_ads_m_vast_postroll": "",
        "vid_ads_m_vast_pauseroll": "",
        "vid_ads_m_vast_midroll": [{ "vid_ads_m_vast_timer_seconds": "50" }],
        "vid_ads_m_group_dynamic": [
          {
            "vid_ads_m_dynamic_type": "image",
            "vid_ads_m_dynamic_size_desktop": "336x280",
            "vid_ads_m_dynamic_size_mobile": "300x250",
            "vid_ads_m_dynamic_vertial_align": "bottom"
          }
        ],
        "vid_ads_m_time_to_show_ads": "",
        "vid_ads_m_time_skip_ads": "",
        "vid_ads_m_time_to_hide_ads": ""
      },
      "feature_image_settings": { "feature_image_position": "" },
      "video_player_settings": {
        "single_video_style": "",
        "video_player_position": "",
        "vm_video_url_btn_choose": "",
        "vm_video_url_btn_choose_id": "",
        "vm_video_url": "<iframe width=\"720\" height=\"304\" src=\"https://d000d.com/e/4toa9gsvadpn\" scrolling=\"no\" frameborder=\"0\" allowfullscreen=\"true\"></iframe>",
        "vm_video_ratio": "16:9",
        "vm_video_ratio_mobile": "16:9",
        "video_player_library": "",
        "plyr_player": "",
        "video_streaming": "",
        "vm_video_shortcode": "",
        "vm_video_timelapse": "",
        "vm_media_subtitles": "",
        "vm_media_sources": "",
        "vid_vtt_preview": "off",
        "vid_vtt_preview_vtt_file": "",
        "vid_vtt_preview_vtt_file_id": "",
        "vid_vtt_preview_sprite_image": "",
        "vid_vtt_preview_sprite_image_id": "",
        "vid_auto_play": "",
        "vid_preview_mode": "",
        "vm_video_trailer_manl_url": "",
        "vm_screenshot_preview": "",
        "vid_tags": "",
        "vid_p_sync_playlist": "",
        "vid_c_sync_channel": "",
        "get_post_format": "",
        "multiple_links_structure": "default",
        "multi_links_title": "Other Sources. - (Use VPN To Watch Online Movies & Series)",
        "original_video_title": "Source 1",
        "multi_links_series": "",
        "vm_video_multi_links": [
          {
            "ml_label": "Source 2",
            "ml_url_mm": "",
            "ml_url": "<iframe width=\"720\" height=\"304\" src=\"https://swdyu.com/e/4ypnl2fu2hx1\" scrolling=\"no\" frameborder=\"0\" allowfullscreen=\"true\"></iframe>",
            "ml_shortcode": ""
          },
          {
            "ml_label": "Source 3",
            "ml_url": "<iframe width=\"720\" height=\"304\" src=\"https://vidhidepre.com/embed/r00a7o4yqa5q\" scrolling=\"no\" frameborder=\"0\" allowfullscreen=\"true\"></iframe>"
          }
        ],
        "vm_duration": "",
        "vid_social_locker": "off",
        "vid_locker_mode": "social",
        "vid_social_locker_id": "",
        "vid_social_email_locker_id": "",
        "vid_social_signin_locker_id": "",
        "sv_login_to_watch": "",
        "vid_membership_action": "content-video",
        "vm_video_trailer_url": "",
        "vid_download_type": "free",
        "vid_download_target": "download",
        "vid_woo_product": "",
        "vid_download_mode": "",
        "vid_download_mode_trailer": "",
        "vm_media_download": "",
        "user_rating": "",
        "user_rating_position": "",
        "user_rating_mode": "",
        "user_rating_multi_sets": "",
        "ads_above_single_player": ""
      },
      "video_auto_fetch_settings": { "vm_video_fetch": "on" },
      "video_fake_views_likes": {
        "vm_fake_views": "",
        "vm_fake_likes": "",
        "vm_fake_dislikes": ""
      },
      "gallery_settings": { "gallery_position": "" },
      "quote_settings": { "quote_position": "" },
      "post_options": {
        "main_layout": "",
        "main_logo": "",
        "main_logo_id": "",
        "main_logo_retina": "",
        "main_logo_retina_id": "",
        "main_logo_mobile": "",
        "main_logo_mobile_id": "",
        "main_logo_mobile_retina": "",
        "main_logo_mobile_retina_id": "",
        "sticky_logo": "",
        "sticky_logo_id": "",
        "sticky_logo_retina": "",
        "sticky_logo_retina_id": "",
        "main_nav_layout": "",
        "header_background": "",
        "theme_sidebar": "",
        "single_post_comment_type": "",
        "theme_background": ""
      }
    },
    "_links": {
      "self": [
        { "href": "https://streamblasters.pm/wp-json/wp/v2/posts/10501" }
      ],
      "collection": [
        { "href": "https://streamblasters.pm/wp-json/wp/v2/posts" }
      ],
      "about": [
        { "href": "https://streamblasters.pm/wp-json/wp/v2/types/post" }
      ],
      "author": [
        {
          "embeddable": true,
          "href": "https://streamblasters.pm/wp-json/wp/v2/users/7"
        }
      ],
      "replies": [
        {
          "embeddable": true,
          "href": "https://streamblasters.pm/wp-json/wp/v2/comments?post=10501"
        }
      ],
      "version-history": [
        {
          "count": 1,
          "href": "https://streamblasters.pm/wp-json/wp/v2/posts/10501/revisions"
        }
      ],
      "predecessor-version": [
        {
          "id": 10504,
          "href": "https://streamblasters.pm/wp-json/wp/v2/posts/10501/revisions/10504"
        }
      ],
      "wp:featuredmedia": [
        {
          "embeddable": true,
          "href": "https://streamblasters.pm/wp-json/wp/v2/media/10503"
        }
      ],
      "wp:attachment": [
        { "href": "https://streamblasters.pm/wp-json/wp/v2/media?parent=10501" }
      ],
      "wp:term": [
        {
          "taxonomy": "category",
          "embeddable": true,
          "href": "https://streamblasters.pm/wp-json/wp/v2/categories?post=10501"
        },
        {
          "taxonomy": "post_tag",
          "embeddable": true,
          "href": "https://streamblasters.pm/wp-json/wp/v2/tags?post=10501"
        }
      ],
      "curies": [
        { "name": "wp", "href": "https://api.w.org/{rel}", "templated": true }
      ]
    }
  },
  {
    "id": 10490,
    "date": "2024-05-31T13:55:26",
    "date_gmt": "2024-05-31T13:55:26",
    "guid": { "rendered": "https://streamblasters.pm/?p=10490" },
    "modified": "2024-05-31T13:55:26",
    "modified_gmt": "2024-05-31T13:55:26",
    "slug": "hit-list-2024-tamil-hq-real-predvd-hq-line-audio-hc-esub-watch-online",
    "status": "publish",
    "type": "post",
    "link": "https://streamblasters.pm/hit-list-2024-tamil-hq-real-predvd-hq-line-audio-hc-esub-watch-online/",
    "title": {
      "rendered": "Hit List (2024) Tamil HQ REAL PreDVD (HQ Line Audio) + HC-ESub Watch Online"
    },
    "content": { "rendered": "", "protected": false },
    "excerpt": { "rendered": "", "protected": false },
    "author": 7,
    "featured_media": 10492,
    "comment_status": "open",
    "ping_status": "open",
    "sticky": false,
    "template": "",
    "format": "video",
    "meta": { "footnotes": "" },
    "categories": [2366],
    "tags": [],
    "cmb2": {
      "poster_feature_image": {
        "vid_m_player_background": "off",
        "vid_m_poster_image": "",
        "vid_m_poster_image_id": ""
      },
      "gif_feature_image": { "vid_m_gif_image": "", "vid_m_gif_image_id": "" },
      "video_movie_settings": {
        "vid_m_director": "",
        "vid_m_actor": "",
        "vid_m_imdb_ratings": "tt0095311",
        "vid_m_amazon_associates": "",
        "vid_m_vid_tmdb_movie": "",
        "vid_m_vid_tmdb_tv_shows": "",
        "vid_m_vid_tmdb_thumb": "no"
      },
      "vid_ads_m_videoads_settings_post": {
        "vid_ads_m_video_ads": "",
        "vid_ads_m_video_ads_type": "",
        "vid_ads_m_group_google_ima": "",
        "vid_ads_m_group_image": "",
        "vid_ads_m_group_html5_video": "",
        "vid_ads_m_group_html": "",
        "vid_ads_m_vpaid_mode": "no",
        "vid_ads_m_vast_preroll": "",
        "vid_ads_m_vast_postroll": "",
        "vid_ads_m_vast_pauseroll": "",
        "vid_ads_m_vast_midroll": [{ "vid_ads_m_vast_timer_seconds": "50" }],
        "vid_ads_m_group_dynamic": [
          {
            "vid_ads_m_dynamic_type": "image",
            "vid_ads_m_dynamic_size_desktop": "336x280",
            "vid_ads_m_dynamic_size_mobile": "300x250",
            "vid_ads_m_dynamic_vertial_align": "bottom"
          }
        ],
        "vid_ads_m_time_to_show_ads": "",
        "vid_ads_m_time_skip_ads": "",
        "vid_ads_m_time_to_hide_ads": ""
      },
      "feature_image_settings": { "feature_image_position": "" },
      "video_player_settings": {
        "single_video_style": "",
        "video_player_position": "",
        "vm_video_url_btn_choose": "",
        "vm_video_url_btn_choose_id": "",
        "vm_video_url": "<iframe width=\"720\" height=\"304\" src=\"https://d000d.com/e/wwyii8h3s3ax\" scrolling=\"no\" frameborder=\"0\" allowfullscreen=\"true\"></iframe>",
        "vm_video_ratio": "16:9",
        "vm_video_ratio_mobile": "16:9",
        "video_player_library": "",
        "plyr_player": "",
        "video_streaming": "",
        "vm_video_shortcode": "",
        "vm_video_timelapse": "",
        "vm_media_subtitles": "",
        "vm_media_sources": "",
        "vid_vtt_preview": "off",
        "vid_vtt_preview_vtt_file": "",
        "vid_vtt_preview_vtt_file_id": "",
        "vid_vtt_preview_sprite_image": "",
        "vid_vtt_preview_sprite_image_id": "",
        "vid_auto_play": "",
        "vid_preview_mode": "",
        "vm_video_trailer_manl_url": "",
        "vm_screenshot_preview": "",
        "vid_tags": "",
        "vid_p_sync_playlist": "",
        "vid_c_sync_channel": "",
        "get_post_format": "",
        "multiple_links_structure": "default",
        "multi_links_title": "Other Sources. - (Use VPN To Watch Online Movies & Series)",
        "original_video_title": "Source 1",
        "multi_links_series": "",
        "vm_video_multi_links": [
          {
            "ml_label": "Source 2",
            "ml_url_mm": "",
            "ml_url": "<iframe width=\"720\" height=\"304\" src=\"https://swdyu.com/e/il6qzblv7fga\" scrolling=\"no\" frameborder=\"0\" allowfullscreen=\"true\"></iframe>",
            "ml_shortcode": ""
          },
          {
            "ml_label": "Source 3",
            "ml_url": "<iframe width=\"720\" height=\"304\" src=\"\" scrolling=\"no\" frameborder=\"0\" allowfullscreen=\"true\"></iframe>"
          }
        ],
        "vm_duration": "",
        "vid_social_locker": "off",
        "vid_locker_mode": "social",
        "vid_social_locker_id": "",
        "vid_social_email_locker_id": "",
        "vid_social_signin_locker_id": "",
        "sv_login_to_watch": "",
        "vid_membership_action": "content-video",
        "vm_video_trailer_url": "",
        "vid_download_type": "free",
        "vid_download_target": "download",
        "vid_woo_product": "",
        "vid_download_mode": "",
        "vid_download_mode_trailer": "",
        "vm_media_download": "",
        "user_rating": "",
        "user_rating_position": "",
        "user_rating_mode": "",
        "user_rating_multi_sets": "",
        "ads_above_single_player": ""
      },
      "video_auto_fetch_settings": { "vm_video_fetch": "on" },
      "video_fake_views_likes": {
        "vm_fake_views": "",
        "vm_fake_likes": "",
        "vm_fake_dislikes": ""
      },
      "gallery_settings": { "gallery_position": "" },
      "quote_settings": { "quote_position": "" },
      "post_options": {
        "main_layout": "",
        "main_logo": "",
        "main_logo_id": "",
        "main_logo_retina": "",
        "main_logo_retina_id": "",
        "main_logo_mobile": "",
        "main_logo_mobile_id": "",
        "main_logo_mobile_retina": "",
        "main_logo_mobile_retina_id": "",
        "sticky_logo": "",
        "sticky_logo_id": "",
        "sticky_logo_retina": "",
        "sticky_logo_retina_id": "",
        "main_nav_layout": "",
        "header_background": "",
        "theme_sidebar": "",
        "single_post_comment_type": "",
        "theme_background": ""
      }
    },
    "_links": {
      "self": [
        { "href": "https://streamblasters.pm/wp-json/wp/v2/posts/10490" }
      ],
      "collection": [
        { "href": "https://streamblasters.pm/wp-json/wp/v2/posts" }
      ],
      "about": [
        { "href": "https://streamblasters.pm/wp-json/wp/v2/types/post" }
      ],
      "author": [
        {
          "embeddable": true,
          "href": "https://streamblasters.pm/wp-json/wp/v2/users/7"
        }
      ],
      "replies": [
        {
          "embeddable": true,
          "href": "https://streamblasters.pm/wp-json/wp/v2/comments?post=10490"
        }
      ],
      "version-history": [
        {
          "count": 1,
          "href": "https://streamblasters.pm/wp-json/wp/v2/posts/10490/revisions"
        }
      ],
      "predecessor-version": [
        {
          "id": 10491,
          "href": "https://streamblasters.pm/wp-json/wp/v2/posts/10490/revisions/10491"
        }
      ],
      "wp:featuredmedia": [
        {
          "embeddable": true,
          "href": "https://streamblasters.pm/wp-json/wp/v2/media/10492"
        }
      ],
      "wp:attachment": [
        { "href": "https://streamblasters.pm/wp-json/wp/v2/media?parent=10490" }
      ],
      "wp:term": [
        {
          "taxonomy": "category",
          "embeddable": true,
          "href": "https://streamblasters.pm/wp-json/wp/v2/categories?post=10490"
        },
        {
          "taxonomy": "post_tag",
          "embeddable": true,
          "href": "https://streamblasters.pm/wp-json/wp/v2/tags?post=10490"
        }
      ],
      "curies": [
        { "name": "wp", "href": "https://api.w.org/{rel}", "templated": true }
      ]
    }
  },
  {
    "id": 10471,
    "date": "2024-05-31T01:39:24",
    "date_gmt": "2024-05-31T01:39:24",
    "guid": { "rendered": "https://streamblasters.pm/?p=10471" },
    "modified": "2024-05-31T01:39:35",
    "modified_gmt": "2024-05-31T01:39:35",
    "slug": "oru-nodi-2024-tamil-web-hd-watch-online",
    "status": "publish",
    "type": "post",
    "link": "https://streamblasters.pm/oru-nodi-2024-tamil-web-hd-watch-online/",
    "title": { "rendered": "Oru Nodi (2024) Tamil WEB-HD Watch Online" },
    "content": { "rendered": "", "protected": false },
    "excerpt": { "rendered": "", "protected": false },
    "author": 7,
    "featured_media": 10473,
    "comment_status": "open",
    "ping_status": "open",
    "sticky": false,
    "template": "",
    "format": "video",
    "meta": { "footnotes": "" },
    "categories": [2366],
    "tags": [],
    "cmb2": {
      "poster_feature_image": {
        "vid_m_player_background": "off",
        "vid_m_poster_image": "",
        "vid_m_poster_image_id": ""
      },
      "gif_feature_image": { "vid_m_gif_image": "", "vid_m_gif_image_id": "" },
      "video_movie_settings": {
        "vid_m_director": "",
        "vid_m_actor": "",
        "vid_m_imdb_ratings": "",
        "vid_m_amazon_associates": "",
        "vid_m_vid_tmdb_movie": ["1281459"],
        "vid_m_vid_tmdb_tv_shows": "",
        "vid_m_vid_tmdb_thumb": "poster_sizes"
      },
      "vid_ads_m_videoads_settings_post": {
        "vid_ads_m_video_ads": "",
        "vid_ads_m_video_ads_type": "",
        "vid_ads_m_group_google_ima": "",
        "vid_ads_m_group_image": "",
        "vid_ads_m_group_html5_video": "",
        "vid_ads_m_group_html": "",
        "vid_ads_m_vpaid_mode": "no",
        "vid_ads_m_vast_preroll": "",
        "vid_ads_m_vast_postroll": "",
        "vid_ads_m_vast_pauseroll": "",
        "vid_ads_m_vast_midroll": [{ "vid_ads_m_vast_timer_seconds": "50" }],
        "vid_ads_m_group_dynamic": [
          {
            "vid_ads_m_dynamic_type": "image",
            "vid_ads_m_dynamic_size_desktop": "336x280",
            "vid_ads_m_dynamic_size_mobile": "300x250",
            "vid_ads_m_dynamic_vertial_align": "bottom"
          }
        ],
        "vid_ads_m_time_to_show_ads": "",
        "vid_ads_m_time_skip_ads": "",
        "vid_ads_m_time_to_hide_ads": ""
      },
      "feature_image_settings": { "feature_image_position": "" },
      "video_player_settings": {
        "single_video_style": "",
        "video_player_position": "",
        "vm_video_url_btn_choose": "",
        "vm_video_url_btn_choose_id": "",
        "vm_video_url": "<iframe width=\"720\" height=\"304\" src=\"https://d000d.com/e/x0aavn72dwyd\" scrolling=\"no\" frameborder=\"0\" allowfullscreen=\"true\"></iframe>",
        "vm_video_ratio": "16:9",
        "vm_video_ratio_mobile": "16:9",
        "video_player_library": "",
        "plyr_player": "",
        "video_streaming": "",
        "vm_video_shortcode": "",
        "vm_video_timelapse": "",
        "vm_media_subtitles": "",
        "vm_media_sources": "",
        "vid_vtt_preview": "off",
        "vid_vtt_preview_vtt_file": "",
        "vid_vtt_preview_vtt_file_id": "",
        "vid_vtt_preview_sprite_image": "",
        "vid_vtt_preview_sprite_image_id": "",
        "vid_auto_play": "",
        "vid_preview_mode": "",
        "vm_video_trailer_manl_url": "",
        "vm_screenshot_preview": "",
        "vid_tags": "",
        "vid_p_sync_playlist": "",
        "vid_c_sync_channel": "",
        "get_post_format": "",
        "multiple_links_structure": "default",
        "multi_links_title": "Other Sources. - (Use VPN To Watch Online Movies & Series)",
        "original_video_title": "Source 1",
        "multi_links_series": "",
        "vm_video_multi_links": [
          {
            "ml_label": "Source 2",
            "ml_url_mm": "",
            "ml_url": "<iframe width=\"720\" height=\"304\" src=\"https://swdyu.com/e/a8jz6re5pjgj\" scrolling=\"no\" frameborder=\"0\" allowfullscreen=\"true\"></iframe>",
            "ml_shortcode": ""
          },
          {
            "ml_label": "Source 3",
            "ml_url": "<iframe width=\"720\" height=\"304\" src=\"https://vidhidepre.com/embed/uuuevg4ywbyv\" scrolling=\"no\" frameborder=\"0\" allowfullscreen=\"true\"></iframe>"
          }
        ],
        "vm_duration": "",
        "vid_social_locker": "off",
        "vid_locker_mode": "social",
        "vid_social_locker_id": "",
        "vid_social_email_locker_id": "",
        "vid_social_signin_locker_id": "",
        "sv_login_to_watch": "",
        "vid_membership_action": "content-video",
        "vm_video_trailer_url": "",
        "vid_download_type": "free",
        "vid_download_target": "download",
        "vid_woo_product": "",
        "vid_download_mode": "",
        "vid_download_mode_trailer": "",
        "vm_media_download": "",
        "user_rating": "",
        "user_rating_position": "",
        "user_rating_mode": "",
        "user_rating_multi_sets": "",
        "ads_above_single_player": ""
      },
      "video_auto_fetch_settings": { "vm_video_fetch": "on" },
      "video_fake_views_likes": {
        "vm_fake_views": "",
        "vm_fake_likes": "",
        "vm_fake_dislikes": ""
      },
      "gallery_settings": { "gallery_position": "" },
      "quote_settings": { "quote_position": "" },
      "post_options": {
        "main_layout": "",
        "main_logo": "",
        "main_logo_id": "",
        "main_logo_retina": "",
        "main_logo_retina_id": "",
        "main_logo_mobile": "",
        "main_logo_mobile_id": "",
        "main_logo_mobile_retina": "",
        "main_logo_mobile_retina_id": "",
        "sticky_logo": "",
        "sticky_logo_id": "",
        "sticky_logo_retina": "",
        "sticky_logo_retina_id": "",
        "main_nav_layout": "",
        "header_background": "",
        "theme_sidebar": "",
        "single_post_comment_type": "",
        "theme_background": ""
      }
    },
    "_links": {
      "self": [
        { "href": "https://streamblasters.pm/wp-json/wp/v2/posts/10471" }
      ],
      "collection": [
        { "href": "https://streamblasters.pm/wp-json/wp/v2/posts" }
      ],
      "about": [
        { "href": "https://streamblasters.pm/wp-json/wp/v2/types/post" }
      ],
      "author": [
        {
          "embeddable": true,
          "href": "https://streamblasters.pm/wp-json/wp/v2/users/7"
        }
      ],
      "replies": [
        {
          "embeddable": true,
          "href": "https://streamblasters.pm/wp-json/wp/v2/comments?post=10471"
        }
      ],
      "version-history": [
        {
          "count": 1,
          "href": "https://streamblasters.pm/wp-json/wp/v2/posts/10471/revisions"
        }
      ],
      "predecessor-version": [
        {
          "id": 10472,
          "href": "https://streamblasters.pm/wp-json/wp/v2/posts/10471/revisions/10472"
        }
      ],
      "wp:featuredmedia": [
        {
          "embeddable": true,
          "href": "https://streamblasters.pm/wp-json/wp/v2/media/10473"
        }
      ],
      "wp:attachment": [
        { "href": "https://streamblasters.pm/wp-json/wp/v2/media?parent=10471" }
      ],
      "wp:term": [
        {
          "taxonomy": "category",
          "embeddable": true,
          "href": "https://streamblasters.pm/wp-json/wp/v2/categories?post=10471"
        },
        {
          "taxonomy": "post_tag",
          "embeddable": true,
          "href": "https://streamblasters.pm/wp-json/wp/v2/tags?post=10471"
        }
      ],
      "curies": [
        { "name": "wp", "href": "https://api.w.org/{rel}", "templated": true }
      ]
    }
  },
  {
    "id": 10417,
    "date": "2024-05-30T02:10:21",
    "date_gmt": "2024-05-30T02:10:21",
    "guid": { "rendered": "https://streamblasters.pm/?p=10417" },
    "modified": "2024-05-30T02:10:21",
    "modified_gmt": "2024-05-30T02:10:21",
    "slug": "salt-2024-tamil-original-version-web-hd-watch-online",
    "status": "publish",
    "type": "post",
    "link": "https://streamblasters.pm/salt-2024-tamil-original-version-web-hd-watch-online/",
    "title": {
      "rendered": "Salt (2024) Tamil (Original Version) WEB-HD Watch Online"
    },
    "content": { "rendered": "", "protected": false },
    "excerpt": { "rendered": "", "protected": false },
    "author": 7,
    "featured_media": 10419,
    "comment_status": "open",
    "ping_status": "open",
    "sticky": false,
    "template": "",
    "format": "video",
    "meta": { "footnotes": "" },
    "categories": [2366],
    "tags": [],
    "cmb2": {
      "poster_feature_image": {
        "vid_m_player_background": "off",
        "vid_m_poster_image": "",
        "vid_m_poster_image_id": ""
      },
      "gif_feature_image": { "vid_m_gif_image": "", "vid_m_gif_image_id": "" },
      "video_movie_settings": {
        "vid_m_director": "",
        "vid_m_actor": "",
        "vid_m_imdb_ratings": "tt0944835",
        "vid_m_amazon_associates": "",
        "vid_m_vid_tmdb_movie": "",
        "vid_m_vid_tmdb_tv_shows": "",
        "vid_m_vid_tmdb_thumb": "no"
      },
      "vid_ads_m_videoads_settings_post": {
        "vid_ads_m_video_ads": "",
        "vid_ads_m_video_ads_type": "",
        "vid_ads_m_group_google_ima": "",
        "vid_ads_m_group_image": "",
        "vid_ads_m_group_html5_video": "",
        "vid_ads_m_group_html": "",
        "vid_ads_m_vpaid_mode": "no",
        "vid_ads_m_vast_preroll": "",
        "vid_ads_m_vast_postroll": "",
        "vid_ads_m_vast_pauseroll": "",
        "vid_ads_m_vast_midroll": [{ "vid_ads_m_vast_timer_seconds": "50" }],
        "vid_ads_m_group_dynamic": [
          {
            "vid_ads_m_dynamic_type": "image",
            "vid_ads_m_dynamic_size_desktop": "336x280",
            "vid_ads_m_dynamic_size_mobile": "300x250",
            "vid_ads_m_dynamic_vertial_align": "bottom"
          }
        ],
        "vid_ads_m_time_to_show_ads": "",
        "vid_ads_m_time_skip_ads": "",
        "vid_ads_m_time_to_hide_ads": ""
      },
      "feature_image_settings": { "feature_image_position": "" },
      "video_player_settings": {
        "single_video_style": "",
        "video_player_position": "",
        "vm_video_url_btn_choose": "",
        "vm_video_url_btn_choose_id": "",
        "vm_video_url": "<iframe width=\"720\" height=\"304\" src=\"https://d000d.com/e/1t38dbnvmr2k\" scrolling=\"no\" frameborder=\"0\" allowfullscreen=\"true\"></iframe>",
        "vm_video_ratio": "16:9",
        "vm_video_ratio_mobile": "16:9",
        "video_player_library": "",
        "plyr_player": "",
        "video_streaming": "",
        "vm_video_shortcode": "",
        "vm_video_timelapse": "",
        "vm_media_subtitles": "",
        "vm_media_sources": "",
        "vid_vtt_preview": "off",
        "vid_vtt_preview_vtt_file": "",
        "vid_vtt_preview_vtt_file_id": "",
        "vid_vtt_preview_sprite_image": "",
        "vid_vtt_preview_sprite_image_id": "",
        "vid_auto_play": "",
        "vid_preview_mode": "",
        "vm_video_trailer_manl_url": "",
        "vm_screenshot_preview": "",
        "vid_tags": "",
        "vid_p_sync_playlist": "",
        "vid_c_sync_channel": "",
        "get_post_format": "",
        "multiple_links_structure": "default",
        "multi_links_title": "Other Sources. - (Use VPN To Watch Online Movies & Series)",
        "original_video_title": "Source 1",
        "multi_links_series": "",
        "vm_video_multi_links": [
          {
            "ml_label": "Source 2",
            "ml_url_mm": "",
            "ml_url": "<iframe width=\"720\" height=\"304\" src=\"https://vidhidepre.com/embed/qv21ebbic2ng\" scrolling=\"no\" frameborder=\"0\" allowfullscreen=\"true\"></iframe>",
            "ml_shortcode": ""
          },
          {
            "ml_label": "Source 3",
            "ml_url": "<iframe width=\"720\" height=\"304\" src=\"https://swhoi.com/e/v8hina6wlpob\" scrolling=\"no\" frameborder=\"0\" allowfullscreen=\"true\"></iframe>"
          }
        ],
        "vm_duration": "",
        "vid_social_locker": "off",
        "vid_locker_mode": "social",
        "vid_social_locker_id": "",
        "vid_social_email_locker_id": "",
        "vid_social_signin_locker_id": "",
        "sv_login_to_watch": "",
        "vid_membership_action": "content-video",
        "vm_video_trailer_url": "",
        "vid_download_type": "free",
        "vid_download_target": "download",
        "vid_woo_product": "",
        "vid_download_mode": "",
        "vid_download_mode_trailer": "",
        "vm_media_download": "",
        "user_rating": "",
        "user_rating_position": "",
        "user_rating_mode": "",
        "user_rating_multi_sets": "",
        "ads_above_single_player": ""
      },
      "video_auto_fetch_settings": { "vm_video_fetch": "on" },
      "video_fake_views_likes": {
        "vm_fake_views": "",
        "vm_fake_likes": "",
        "vm_fake_dislikes": ""
      },
      "gallery_settings": { "gallery_position": "" },
      "quote_settings": { "quote_position": "" },
      "post_options": {
        "main_layout": "",
        "main_logo": "",
        "main_logo_id": "",
        "main_logo_retina": "",
        "main_logo_retina_id": "",
        "main_logo_mobile": "",
        "main_logo_mobile_id": "",
        "main_logo_mobile_retina": "",
        "main_logo_mobile_retina_id": "",
        "sticky_logo": "",
        "sticky_logo_id": "",
        "sticky_logo_retina": "",
        "sticky_logo_retina_id": "",
        "main_nav_layout": "",
        "header_background": "",
        "theme_sidebar": "",
        "single_post_comment_type": "",
        "theme_background": ""
      }
    },
    "_links": {
      "self": [
        { "href": "https://streamblasters.pm/wp-json/wp/v2/posts/10417" }
      ],
      "collection": [
        { "href": "https://streamblasters.pm/wp-json/wp/v2/posts" }
      ],
      "about": [
        { "href": "https://streamblasters.pm/wp-json/wp/v2/types/post" }
      ],
      "author": [
        {
          "embeddable": true,
          "href": "https://streamblasters.pm/wp-json/wp/v2/users/7"
        }
      ],
      "replies": [
        {
          "embeddable": true,
          "href": "https://streamblasters.pm/wp-json/wp/v2/comments?post=10417"
        }
      ],
      "version-history": [
        {
          "count": 1,
          "href": "https://streamblasters.pm/wp-json/wp/v2/posts/10417/revisions"
        }
      ],
      "predecessor-version": [
        {
          "id": 10418,
          "href": "https://streamblasters.pm/wp-json/wp/v2/posts/10417/revisions/10418"
        }
      ],
      "wp:featuredmedia": [
        {
          "embeddable": true,
          "href": "https://streamblasters.pm/wp-json/wp/v2/media/10419"
        }
      ],
      "wp:attachment": [
        { "href": "https://streamblasters.pm/wp-json/wp/v2/media?parent=10417" }
      ],
      "wp:term": [
        {
          "taxonomy": "category",
          "embeddable": true,
          "href": "https://streamblasters.pm/wp-json/wp/v2/categories?post=10417"
        },
        {
          "taxonomy": "post_tag",
          "embeddable": true,
          "href": "https://streamblasters.pm/wp-json/wp/v2/tags?post=10417"
        }
      ],
      "curies": [
        { "name": "wp", "href": "https://api.w.org/{rel}", "templated": true }
      ]
    }
  },
  {
    "id": 10392,
    "date": "2024-05-29T03:17:53",
    "date_gmt": "2024-05-29T03:17:53",
    "guid": { "rendered": "https://streamblasters.pm/?p=10392" },
    "modified": "2024-05-29T03:19:53",
    "modified_gmt": "2024-05-29T03:19:53",
    "slug": "challengers-2024-tamil-telugu-hindi-eng-web-hd-watch-online",
    "status": "publish",
    "type": "post",
    "link": "https://streamblasters.pm/challengers-2024-tamil-telugu-hindi-eng-web-hd-watch-online/",
    "title": {
      "rendered": "Challengers (2024) [Tamil + Telugu + Hindi + Eng] WEB-HD Watch Online"
    },
    "content": { "rendered": "", "protected": false },
    "excerpt": { "rendered": "", "protected": false },
    "author": 7,
    "featured_media": 9964,
    "comment_status": "open",
    "ping_status": "open",
    "sticky": false,
    "template": "",
    "format": "video",
    "meta": { "footnotes": "" },
    "categories": [2372, 2367, 2366, 2368],
    "tags": [],
    "cmb2": {
      "poster_feature_image": {
        "vid_m_player_background": "off",
        "vid_m_poster_image": "",
        "vid_m_poster_image_id": ""
      },
      "gif_feature_image": { "vid_m_gif_image": "", "vid_m_gif_image_id": "" },
      "video_movie_settings": {
        "vid_m_director": "",
        "vid_m_actor": "",
        "vid_m_imdb_ratings": "tt16426418",
        "vid_m_amazon_associates": "",
        "vid_m_vid_tmdb_movie": ["937287"],
        "vid_m_vid_tmdb_tv_shows": "",
        "vid_m_vid_tmdb_thumb": "no"
      },
      "vid_ads_m_videoads_settings_post": {
        "vid_ads_m_video_ads": "",
        "vid_ads_m_video_ads_type": "",
        "vid_ads_m_group_google_ima": "",
        "vid_ads_m_group_image": "",
        "vid_ads_m_group_html5_video": "",
        "vid_ads_m_group_html": "",
        "vid_ads_m_vpaid_mode": "no",
        "vid_ads_m_vast_preroll": "",
        "vid_ads_m_vast_postroll": "",
        "vid_ads_m_vast_pauseroll": "",
        "vid_ads_m_vast_midroll": [{ "vid_ads_m_vast_timer_seconds": "50" }],
        "vid_ads_m_group_dynamic": [
          {
            "vid_ads_m_dynamic_type": "image",
            "vid_ads_m_dynamic_size_desktop": "336x280",
            "vid_ads_m_dynamic_size_mobile": "300x250",
            "vid_ads_m_dynamic_vertial_align": "bottom"
          }
        ],
        "vid_ads_m_time_to_show_ads": "",
        "vid_ads_m_time_skip_ads": "",
        "vid_ads_m_time_to_hide_ads": ""
      },
      "feature_image_settings": { "feature_image_position": "" },
      "video_player_settings": {
        "single_video_style": "",
        "video_player_position": "",
        "vm_video_url_btn_choose": "",
        "vm_video_url_btn_choose_id": "",
        "vm_video_url": "<iframe width=\"720\" height=\"304\" src=\"https://swhoi.com/e/45kpyay8ndiq\" scrolling=\"no\" frameborder=\"0\" allowfullscreen=\"true\"></iframe>",
        "vm_video_ratio": "16:9",
        "vm_video_ratio_mobile": "16:9",
        "video_player_library": "",
        "plyr_player": "",
        "video_streaming": "",
        "vm_video_shortcode": "",
        "vm_video_timelapse": "",
        "vm_media_subtitles": "",
        "vm_media_sources": "",
        "vid_vtt_preview": "off",
        "vid_vtt_preview_vtt_file": "",
        "vid_vtt_preview_vtt_file_id": "",
        "vid_vtt_preview_sprite_image": "",
        "vid_vtt_preview_sprite_image_id": "",
        "vid_auto_play": "",
        "vid_preview_mode": "",
        "vm_video_trailer_manl_url": "",
        "vm_screenshot_preview": "",
        "vid_tags": "",
        "vid_p_sync_playlist": "",
        "vid_c_sync_channel": "",
        "get_post_format": "",
        "multiple_links_structure": "default",
        "multi_links_title": "Other Sources",
        "original_video_title": "Source 1",
        "multi_links_series": "",
        "vm_video_multi_links": [
          {
            "ml_label": "Source 2",
            "ml_url": "<iframe width=\"720\" height=\"304\" src=\"https://vidhidepre.com/embed/4uxido59wm12\" scrolling=\"no\" frameborder=\"0\" allowfullscreen=\"true\"></iframe>"
          }
        ],
        "vm_duration": "",
        "vid_social_locker": "off",
        "vid_locker_mode": "social",
        "vid_social_locker_id": "",
        "vid_social_email_locker_id": "",
        "vid_social_signin_locker_id": "",
        "sv_login_to_watch": "",
        "vid_membership_action": "content-video",
        "vm_video_trailer_url": "",
        "vid_download_type": "free",
        "vid_download_target": "download",
        "vid_woo_product": "",
        "vid_download_mode": "",
        "vid_download_mode_trailer": "",
        "vm_media_download": "",
        "user_rating": "",
        "user_rating_position": "",
        "user_rating_mode": "",
        "user_rating_multi_sets": "",
        "ads_above_single_player": ""
      },
      "video_auto_fetch_settings": { "vm_video_fetch": "on" },
      "video_fake_views_likes": {
        "vm_fake_views": "",
        "vm_fake_likes": "",
        "vm_fake_dislikes": ""
      },
      "gallery_settings": { "gallery_position": "" },
      "quote_settings": { "quote_position": "" },
      "post_options": {
        "main_layout": "",
        "main_logo": "",
        "main_logo_id": "",
        "main_logo_retina": "",
        "main_logo_retina_id": "",
        "main_logo_mobile": "",
        "main_logo_mobile_id": "",
        "main_logo_mobile_retina": "",
        "main_logo_mobile_retina_id": "",
        "sticky_logo": "",
        "sticky_logo_id": "",
        "sticky_logo_retina": "",
        "sticky_logo_retina_id": "",
        "main_nav_layout": "",
        "header_background": "",
        "theme_sidebar": "",
        "single_post_comment_type": "",
        "theme_background": ""
      }
    },
    "_links": {
      "self": [
        { "href": "https://streamblasters.pm/wp-json/wp/v2/posts/10392" }
      ],
      "collection": [
        { "href": "https://streamblasters.pm/wp-json/wp/v2/posts" }
      ],
      "about": [
        { "href": "https://streamblasters.pm/wp-json/wp/v2/types/post" }
      ],
      "author": [
        {
          "embeddable": true,
          "href": "https://streamblasters.pm/wp-json/wp/v2/users/7"
        }
      ],
      "replies": [
        {
          "embeddable": true,
          "href": "https://streamblasters.pm/wp-json/wp/v2/comments?post=10392"
        }
      ],
      "version-history": [
        {
          "count": 1,
          "href": "https://streamblasters.pm/wp-json/wp/v2/posts/10392/revisions"
        }
      ],
      "predecessor-version": [
        {
          "id": 10393,
          "href": "https://streamblasters.pm/wp-json/wp/v2/posts/10392/revisions/10393"
        }
      ],
      "wp:featuredmedia": [
        {
          "embeddable": true,
          "href": "https://streamblasters.pm/wp-json/wp/v2/media/9964"
        }
      ],
      "wp:attachment": [
        { "href": "https://streamblasters.pm/wp-json/wp/v2/media?parent=10392" }
      ],
      "wp:term": [
        {
          "taxonomy": "category",
          "embeddable": true,
          "href": "https://streamblasters.pm/wp-json/wp/v2/categories?post=10392"
        },
        {
          "taxonomy": "post_tag",
          "embeddable": true,
          "href": "https://streamblasters.pm/wp-json/wp/v2/tags?post=10392"
        }
      ],
      "curies": [
        { "name": "wp", "href": "https://api.w.org/{rel}", "templated": true }
      ]
    }
  },
  {
    "id": 10350,
    "date": "2024-05-28T01:52:48",
    "date_gmt": "2024-05-28T01:52:48",
    "guid": { "rendered": "https://streamblasters.pm/?p=10350" },
    "modified": "2024-05-28T01:52:48",
    "modified_gmt": "2024-05-28T01:52:48",
    "slug": "once-upon-a-time-in-jamaligudda-2024-tamil-web-hd-watch-online",
    "status": "publish",
    "type": "post",
    "link": "https://streamblasters.pm/once-upon-a-time-in-jamaligudda-2024-tamil-web-hd-watch-online/",
    "title": {
      "rendered": "Once Upon A Time In Jamaligudda (2024) Tamil WEB-HD Watch Online"
    },
    "content": { "rendered": "", "protected": false },
    "excerpt": { "rendered": "", "protected": false },
    "author": 7,
    "featured_media": 10357,
    "comment_status": "open",
    "ping_status": "open",
    "sticky": false,
    "template": "",
    "format": "video",
    "meta": { "footnotes": "" },
    "categories": [2366],
    "tags": [],
    "cmb2": {
      "poster_feature_image": {
        "vid_m_player_background": "off",
        "vid_m_poster_image": "",
        "vid_m_poster_image_id": ""
      },
      "gif_feature_image": { "vid_m_gif_image": "", "vid_m_gif_image_id": "" },
      "video_movie_settings": {
        "vid_m_director": "",
        "vid_m_actor": "",
        "vid_m_imdb_ratings": "",
        "vid_m_amazon_associates": "",
        "vid_m_vid_tmdb_movie": ["932242"],
        "vid_m_vid_tmdb_tv_shows": "",
        "vid_m_vid_tmdb_thumb": "poster_sizes"
      },
      "vid_ads_m_videoads_settings_post": {
        "vid_ads_m_video_ads": "",
        "vid_ads_m_video_ads_type": "",
        "vid_ads_m_group_google_ima": "",
        "vid_ads_m_group_image": "",
        "vid_ads_m_group_html5_video": "",
        "vid_ads_m_group_html": "",
        "vid_ads_m_vpaid_mode": "no",
        "vid_ads_m_vast_preroll": "",
        "vid_ads_m_vast_postroll": "",
        "vid_ads_m_vast_pauseroll": "",
        "vid_ads_m_vast_midroll": [{ "vid_ads_m_vast_timer_seconds": "50" }],
        "vid_ads_m_group_dynamic": [
          {
            "vid_ads_m_dynamic_type": "image",
            "vid_ads_m_dynamic_size_desktop": "336x280",
            "vid_ads_m_dynamic_size_mobile": "300x250",
            "vid_ads_m_dynamic_vertial_align": "bottom"
          }
        ],
        "vid_ads_m_time_to_show_ads": "",
        "vid_ads_m_time_skip_ads": "",
        "vid_ads_m_time_to_hide_ads": ""
      },
      "feature_image_settings": { "feature_image_position": "" },
      "video_player_settings": {
        "single_video_style": "",
        "video_player_position": "",
        "vm_video_url_btn_choose": "",
        "vm_video_url_btn_choose_id": "",
        "vm_video_url": "<iframe width=\"720\" height=\"304\" src=\"https://d000d.com/e/4uvzfrllpe3k\" scrolling=\"no\" frameborder=\"0\" allowfullscreen=\"true\"></iframe>",
        "vm_video_ratio": "16:9",
        "vm_video_ratio_mobile": "16:9",
        "video_player_library": "",
        "plyr_player": "",
        "video_streaming": "",
        "vm_video_shortcode": "",
        "vm_video_timelapse": "",
        "vm_media_subtitles": "",
        "vm_media_sources": "",
        "vid_vtt_preview": "off",
        "vid_vtt_preview_vtt_file": "",
        "vid_vtt_preview_vtt_file_id": "",
        "vid_vtt_preview_sprite_image": "",
        "vid_vtt_preview_sprite_image_id": "",
        "vid_auto_play": "",
        "vid_preview_mode": "",
        "vm_video_trailer_manl_url": "",
        "vm_screenshot_preview": "",
        "vid_tags": "",
        "vid_p_sync_playlist": "",
        "vid_c_sync_channel": "",
        "get_post_format": "",
        "multiple_links_structure": "default",
        "multi_links_title": "Other Sources. - (Use VPN To Watch Online Movies & Series)",
        "original_video_title": "Source 1",
        "multi_links_series": "",
        "vm_video_multi_links": [
          {
            "ml_label": "Source 2",
            "ml_url_mm": "",
            "ml_url": "<iframe width=\"720\" height=\"304\" src=\"https://vidhidepre.com/embed/6ivkt0h75pfs\" scrolling=\"no\" frameborder=\"0\" allowfullscreen=\"true\"></iframe>",
            "ml_shortcode": ""
          },
          {
            "ml_label": "Source 3",
            "ml_url": "<iframe width=\"720\" height=\"304\" src=\"https://swhoi.com/e/n8qzrm04qjyr\" scrolling=\"no\" frameborder=\"0\" allowfullscreen=\"true\"></iframe>"
          }
        ],
        "vm_duration": "",
        "vid_social_locker": "off",
        "vid_locker_mode": "social",
        "vid_social_locker_id": "",
        "vid_social_email_locker_id": "",
        "vid_social_signin_locker_id": "",
        "sv_login_to_watch": "",
        "vid_membership_action": "content-video",
        "vm_video_trailer_url": "",
        "vid_download_type": "free",
        "vid_download_target": "download",
        "vid_woo_product": "",
        "vid_download_mode": "",
        "vid_download_mode_trailer": "",
        "vm_media_download": "",
        "user_rating": "",
        "user_rating_position": "",
        "user_rating_mode": "",
        "user_rating_multi_sets": "",
        "ads_above_single_player": ""
      },
      "video_auto_fetch_settings": { "vm_video_fetch": "on" },
      "video_fake_views_likes": {
        "vm_fake_views": "",
        "vm_fake_likes": "",
        "vm_fake_dislikes": ""
      },
      "gallery_settings": { "gallery_position": "" },
      "quote_settings": { "quote_position": "" },
      "post_options": {
        "main_layout": "",
        "main_logo": "",
        "main_logo_id": "",
        "main_logo_retina": "",
        "main_logo_retina_id": "",
        "main_logo_mobile": "",
        "main_logo_mobile_id": "",
        "main_logo_mobile_retina": "",
        "main_logo_mobile_retina_id": "",
        "sticky_logo": "",
        "sticky_logo_id": "",
        "sticky_logo_retina": "",
        "sticky_logo_retina_id": "",
        "main_nav_layout": "",
        "header_background": "",
        "theme_sidebar": "",
        "single_post_comment_type": "",
        "theme_background": ""
      }
    },
    "_links": {
      "self": [
        { "href": "https://streamblasters.pm/wp-json/wp/v2/posts/10350" }
      ],
      "collection": [
        { "href": "https://streamblasters.pm/wp-json/wp/v2/posts" }
      ],
      "about": [
        { "href": "https://streamblasters.pm/wp-json/wp/v2/types/post" }
      ],
      "author": [
        {
          "embeddable": true,
          "href": "https://streamblasters.pm/wp-json/wp/v2/users/7"
        }
      ],
      "replies": [
        {
          "embeddable": true,
          "href": "https://streamblasters.pm/wp-json/wp/v2/comments?post=10350"
        }
      ],
      "version-history": [
        {
          "count": 1,
          "href": "https://streamblasters.pm/wp-json/wp/v2/posts/10350/revisions"
        }
      ],
      "predecessor-version": [
        {
          "id": 10351,
          "href": "https://streamblasters.pm/wp-json/wp/v2/posts/10350/revisions/10351"
        }
      ],
      "wp:featuredmedia": [
        {
          "embeddable": true,
          "href": "https://streamblasters.pm/wp-json/wp/v2/media/10357"
        }
      ],
      "wp:attachment": [
        { "href": "https://streamblasters.pm/wp-json/wp/v2/media?parent=10350" }
      ],
      "wp:term": [
        {
          "taxonomy": "category",
          "embeddable": true,
          "href": "https://streamblasters.pm/wp-json/wp/v2/categories?post=10350"
        },
        {
          "taxonomy": "post_tag",
          "embeddable": true,
          "href": "https://streamblasters.pm/wp-json/wp/v2/tags?post=10350"
        }
      ],
      "curies": [
        { "name": "wp", "href": "https://api.w.org/{rel}", "templated": true }
      ]
    }
  },
  {
    "id": 10333,
    "date": "2024-05-27T09:23:41",
    "date_gmt": "2024-05-27T09:23:41",
    "guid": { "rendered": "https://www.streamblasters.link/?p=10333" },
    "modified": "2024-05-27T09:33:45",
    "modified_gmt": "2024-05-27T09:33:45",
    "slug": "watch-2024-tamil-web-hd-watch-online",
    "status": "publish",
    "type": "post",
    "link": "https://streamblasters.pm/watch-2024-tamil-web-hd-watch-online/",
    "title": { "rendered": "Watch (2024) Tamil WEB-HD Watch Online" },
    "content": { "rendered": "", "protected": false },
    "excerpt": { "rendered": "", "protected": false },
    "author": 7,
    "featured_media": 10334,
    "comment_status": "open",
    "ping_status": "open",
    "sticky": false,
    "template": "",
    "format": "video",
    "meta": { "footnotes": "" },
    "categories": [2366],
    "tags": [],
    "cmb2": {
      "poster_feature_image": {
        "vid_m_player_background": "off",
        "vid_m_poster_image": "",
        "vid_m_poster_image_id": ""
      },
      "gif_feature_image": { "vid_m_gif_image": "", "vid_m_gif_image_id": "" },
      "video_movie_settings": {
        "vid_m_director": "",
        "vid_m_actor": "",
        "vid_m_imdb_ratings": "",
        "vid_m_amazon_associates": "",
        "vid_m_vid_tmdb_movie": "",
        "vid_m_vid_tmdb_tv_shows": "",
        "vid_m_vid_tmdb_thumb": "no"
      },
      "vid_ads_m_videoads_settings_post": {
        "vid_ads_m_video_ads": "",
        "vid_ads_m_video_ads_type": "",
        "vid_ads_m_group_google_ima": "",
        "vid_ads_m_group_image": "",
        "vid_ads_m_group_html5_video": "",
        "vid_ads_m_group_html": "",
        "vid_ads_m_vpaid_mode": "no",
        "vid_ads_m_vast_preroll": "",
        "vid_ads_m_vast_postroll": "",
        "vid_ads_m_vast_pauseroll": "",
        "vid_ads_m_vast_midroll": [{ "vid_ads_m_vast_timer_seconds": "50" }],
        "vid_ads_m_group_dynamic": [
          {
            "vid_ads_m_dynamic_type": "image",
            "vid_ads_m_dynamic_size_desktop": "336x280",
            "vid_ads_m_dynamic_size_mobile": "300x250",
            "vid_ads_m_dynamic_vertial_align": "bottom"
          }
        ],
        "vid_ads_m_time_to_show_ads": "",
        "vid_ads_m_time_skip_ads": "",
        "vid_ads_m_time_to_hide_ads": ""
      },
      "feature_image_settings": { "feature_image_position": "" },
      "video_player_settings": {
        "single_video_style": "",
        "video_player_position": "",
        "vm_video_url_btn_choose": "",
        "vm_video_url_btn_choose_id": "",
        "vm_video_url": "<iframe width=\"720\" height=\"304\" src=\"https://d000d.com/e/r22zjygmpn7u\" scrolling=\"no\" frameborder=\"0\" allowfullscreen=\"true\"></iframe>",
        "vm_video_ratio": "16:9",
        "vm_video_ratio_mobile": "16:9",
        "video_player_library": "",
        "plyr_player": "",
        "video_streaming": "",
        "vm_video_shortcode": "",
        "vm_video_timelapse": "",
        "vm_media_subtitles": "",
        "vm_media_sources": "",
        "vid_vtt_preview": "off",
        "vid_vtt_preview_vtt_file": "",
        "vid_vtt_preview_vtt_file_id": "",
        "vid_vtt_preview_sprite_image": "",
        "vid_vtt_preview_sprite_image_id": "",
        "vid_auto_play": "",
        "vid_preview_mode": "",
        "vm_video_trailer_manl_url": "",
        "vm_screenshot_preview": "",
        "vid_tags": "",
        "vid_p_sync_playlist": "",
        "vid_c_sync_channel": "",
        "get_post_format": "",
        "multiple_links_structure": "default",
        "multi_links_title": "Other Sources. - (Use VPN To Watch Online Movies & Series)",
        "original_video_title": "Source 1",
        "multi_links_series": "",
        "vm_video_multi_links": [
          {
            "ml_label": "Source 2",
            "ml_url_mm": "",
            "ml_url": "<iframe width=\"720\" height=\"304\" src=\"https://swhoi.com/e/lmzf2ebrm74r\" scrolling=\"no\" frameborder=\"0\" allowfullscreen=\"true\"></iframe>",
            "ml_shortcode": ""
          },
          {
            "ml_label": "Source 3",
            "ml_url": "<iframe width=\"720\" height=\"304\" src=\"https://vidhidepre.com/embed/8i3lkqk3rxm3\" scrolling=\"no\" frameborder=\"0\" allowfullscreen=\"true\"></iframe>"
          }
        ],
        "vm_duration": "",
        "vid_social_locker": "off",
        "vid_locker_mode": "social",
        "vid_social_locker_id": "",
        "vid_social_email_locker_id": "",
        "vid_social_signin_locker_id": "",
        "sv_login_to_watch": "",
        "vid_membership_action": "content-video",
        "vm_video_trailer_url": "",
        "vid_download_type": "free",
        "vid_download_target": "download",
        "vid_woo_product": "",
        "vid_download_mode": "",
        "vid_download_mode_trailer": "",
        "vm_media_download": "",
        "user_rating": "",
        "user_rating_position": "",
        "user_rating_mode": "",
        "user_rating_multi_sets": "",
        "ads_above_single_player": ""
      },
      "video_auto_fetch_settings": { "vm_video_fetch": "on" },
      "video_fake_views_likes": {
        "vm_fake_views": "",
        "vm_fake_likes": "",
        "vm_fake_dislikes": ""
      },
      "gallery_settings": { "gallery_position": "" },
      "quote_settings": { "quote_position": "" },
      "post_options": {
        "main_layout": "",
        "main_logo": "",
        "main_logo_id": "",
        "main_logo_retina": "",
        "main_logo_retina_id": "",
        "main_logo_mobile": "",
        "main_logo_mobile_id": "",
        "main_logo_mobile_retina": "",
        "main_logo_mobile_retina_id": "",
        "sticky_logo": "",
        "sticky_logo_id": "",
        "sticky_logo_retina": "",
        "sticky_logo_retina_id": "",
        "main_nav_layout": "",
        "header_background": "",
        "theme_sidebar": "",
        "single_post_comment_type": "",
        "theme_background": ""
      }
    },
    "_links": {
      "self": [
        { "href": "https://streamblasters.pm/wp-json/wp/v2/posts/10333" }
      ],
      "collection": [
        { "href": "https://streamblasters.pm/wp-json/wp/v2/posts" }
      ],
      "about": [
        { "href": "https://streamblasters.pm/wp-json/wp/v2/types/post" }
      ],
      "author": [
        {
          "embeddable": true,
          "href": "https://streamblasters.pm/wp-json/wp/v2/users/7"
        }
      ],
      "replies": [
        {
          "embeddable": true,
          "href": "https://streamblasters.pm/wp-json/wp/v2/comments?post=10333"
        }
      ],
      "version-history": [
        {
          "count": 1,
          "href": "https://streamblasters.pm/wp-json/wp/v2/posts/10333/revisions"
        }
      ],
      "predecessor-version": [
        {
          "id": 10335,
          "href": "https://streamblasters.pm/wp-json/wp/v2/posts/10333/revisions/10335"
        }
      ],
      "wp:featuredmedia": [
        {
          "embeddable": true,
          "href": "https://streamblasters.pm/wp-json/wp/v2/media/10334"
        }
      ],
      "wp:attachment": [
        { "href": "https://streamblasters.pm/wp-json/wp/v2/media?parent=10333" }
      ],
      "wp:term": [
        {
          "taxonomy": "category",
          "embeddable": true,
          "href": "https://streamblasters.pm/wp-json/wp/v2/categories?post=10333"
        },
        {
          "taxonomy": "post_tag",
          "embeddable": true,
          "href": "https://streamblasters.pm/wp-json/wp/v2/tags?post=10333"
        }
      ],
      "curies": [
        { "name": "wp", "href": "https://api.w.org/{rel}", "templated": true }
      ]
    }
  },
  {
    "id": 10319,
    "date": "2024-05-26T16:37:55",
    "date_gmt": "2024-05-26T16:37:55",
    "guid": { "rendered": "https://www.streamblasters.link/?p=10319" },
    "modified": "2024-05-26T16:48:14",
    "modified_gmt": "2024-05-26T16:48:14",
    "slug": "ouija-2024-tamil-original-version-web-hd-watch-online",
    "status": "publish",
    "type": "post",
    "link": "https://streamblasters.pm/ouija-2024-tamil-original-version-web-hd-watch-online/",
    "title": {
      "rendered": "Ouija (2024) Tamil (Original Version) WEB-HD Watch Online"
    },
    "content": { "rendered": "", "protected": false },
    "excerpt": { "rendered": "", "protected": false },
    "author": 7,
    "featured_media": 10320,
    "comment_status": "open",
    "ping_status": "open",
    "sticky": false,
    "template": "",
    "format": "video",
    "meta": { "footnotes": "" },
    "categories": [2366],
    "tags": [],
    "cmb2": {
      "poster_feature_image": {
        "vid_m_player_background": "off",
        "vid_m_poster_image": "",
        "vid_m_poster_image_id": ""
      },
      "gif_feature_image": { "vid_m_gif_image": "", "vid_m_gif_image_id": "" },
      "video_movie_settings": {
        "vid_m_director": "",
        "vid_m_actor": "",
        "vid_m_imdb_ratings": "tt5504168",
        "vid_m_amazon_associates": "",
        "vid_m_vid_tmdb_movie": "",
        "vid_m_vid_tmdb_tv_shows": "",
        "vid_m_vid_tmdb_thumb": "no"
      },
      "vid_ads_m_videoads_settings_post": {
        "vid_ads_m_video_ads": "",
        "vid_ads_m_video_ads_type": "",
        "vid_ads_m_group_google_ima": "",
        "vid_ads_m_group_image": "",
        "vid_ads_m_group_html5_video": "",
        "vid_ads_m_group_html": "",
        "vid_ads_m_vpaid_mode": "no",
        "vid_ads_m_vast_preroll": "",
        "vid_ads_m_vast_postroll": "",
        "vid_ads_m_vast_pauseroll": "",
        "vid_ads_m_vast_midroll": [{ "vid_ads_m_vast_timer_seconds": "50" }],
        "vid_ads_m_group_dynamic": [
          {
            "vid_ads_m_dynamic_type": "image",
            "vid_ads_m_dynamic_size_desktop": "336x280",
            "vid_ads_m_dynamic_size_mobile": "300x250",
            "vid_ads_m_dynamic_vertial_align": "bottom"
          }
        ],
        "vid_ads_m_time_to_show_ads": "",
        "vid_ads_m_time_skip_ads": "",
        "vid_ads_m_time_to_hide_ads": ""
      },
      "feature_image_settings": { "feature_image_position": "" },
      "video_player_settings": {
        "single_video_style": "",
        "video_player_position": "",
        "vm_video_url_btn_choose": "",
        "vm_video_url_btn_choose_id": "",
        "vm_video_url": "<iframe width=\"720\" height=\"304\" src=\"https://d000d.com/e/0nr9y182guqz\" scrolling=\"no\" frameborder=\"0\" allowfullscreen=\"true\"></iframe>",
        "vm_video_ratio": "16:9",
        "vm_video_ratio_mobile": "16:9",
        "video_player_library": "",
        "plyr_player": "",
        "video_streaming": "",
        "vm_video_shortcode": "",
        "vm_video_timelapse": "",
        "vm_media_subtitles": "",
        "vm_media_sources": "",
        "vid_vtt_preview": "off",
        "vid_vtt_preview_vtt_file": "",
        "vid_vtt_preview_vtt_file_id": "",
        "vid_vtt_preview_sprite_image": "",
        "vid_vtt_preview_sprite_image_id": "",
        "vid_auto_play": "",
        "vid_preview_mode": "",
        "vm_video_trailer_manl_url": "",
        "vm_screenshot_preview": "",
        "vid_tags": "",
        "vid_p_sync_playlist": "",
        "vid_c_sync_channel": "",
        "get_post_format": "",
        "multiple_links_structure": "default",
        "multi_links_title": "Other Sources",
        "original_video_title": "Source 1",
        "multi_links_series": "",
        "vm_video_multi_links": [
          {
            "ml_label": "Source 2",
            "ml_url_mm": "",
            "ml_url": "<iframe width=\"720\" height=\"304\" src=\"https://vidhidepre.com/embed/ryurm0vnpfc3\" scrolling=\"no\" frameborder=\"0\" allowfullscreen=\"true\"></iframe>",
            "ml_shortcode": ""
          },
          {
            "ml_label": "Source 3",
            "ml_url": "<iframe width=\"720\" height=\"304\" src=\"https://swhoi.com/e/orz20zm05kcc\" scrolling=\"no\" frameborder=\"0\" allowfullscreen=\"true\"></iframe>"
          }
        ],
        "vm_duration": "",
        "vid_social_locker": "off",
        "vid_locker_mode": "social",
        "vid_social_locker_id": "",
        "vid_social_email_locker_id": "",
        "vid_social_signin_locker_id": "",
        "sv_login_to_watch": "",
        "vid_membership_action": "content-video",
        "vm_video_trailer_url": "",
        "vid_download_type": "free",
        "vid_download_target": "download",
        "vid_woo_product": "",
        "vid_download_mode": "",
        "vid_download_mode_trailer": "",
        "vm_media_download": "",
        "user_rating": "",
        "user_rating_position": "",
        "user_rating_mode": "",
        "user_rating_multi_sets": "",
        "ads_above_single_player": ""
      },
      "video_auto_fetch_settings": { "vm_video_fetch": "on" },
      "video_fake_views_likes": {
        "vm_fake_views": "",
        "vm_fake_likes": "",
        "vm_fake_dislikes": ""
      },
      "gallery_settings": { "gallery_position": "" },
      "quote_settings": { "quote_position": "" },
      "post_options": {
        "main_layout": "",
        "main_logo": "",
        "main_logo_id": "",
        "main_logo_retina": "",
        "main_logo_retina_id": "",
        "main_logo_mobile": "",
        "main_logo_mobile_id": "",
        "main_logo_mobile_retina": "",
        "main_logo_mobile_retina_id": "",
        "sticky_logo": "",
        "sticky_logo_id": "",
        "sticky_logo_retina": "",
        "sticky_logo_retina_id": "",
        "main_nav_layout": "",
        "header_background": "",
        "theme_sidebar": "",
        "single_post_comment_type": "",
        "theme_background": ""
      }
    },
    "_links": {
      "self": [
        { "href": "https://streamblasters.pm/wp-json/wp/v2/posts/10319" }
      ],
      "collection": [
        { "href": "https://streamblasters.pm/wp-json/wp/v2/posts" }
      ],
      "about": [
        { "href": "https://streamblasters.pm/wp-json/wp/v2/types/post" }
      ],
      "author": [
        {
          "embeddable": true,
          "href": "https://streamblasters.pm/wp-json/wp/v2/users/7"
        }
      ],
      "replies": [
        {
          "embeddable": true,
          "href": "https://streamblasters.pm/wp-json/wp/v2/comments?post=10319"
        }
      ],
      "version-history": [
        {
          "count": 1,
          "href": "https://streamblasters.pm/wp-json/wp/v2/posts/10319/revisions"
        }
      ],
      "predecessor-version": [
        {
          "id": 10321,
          "href": "https://streamblasters.pm/wp-json/wp/v2/posts/10319/revisions/10321"
        }
      ],
      "wp:featuredmedia": [
        {
          "embeddable": true,
          "href": "https://streamblasters.pm/wp-json/wp/v2/media/10320"
        }
      ],
      "wp:attachment": [
        { "href": "https://streamblasters.pm/wp-json/wp/v2/media?parent=10319" }
      ],
      "wp:term": [
        {
          "taxonomy": "category",
          "embeddable": true,
          "href": "https://streamblasters.pm/wp-json/wp/v2/categories?post=10319"
        },
        {
          "taxonomy": "post_tag",
          "embeddable": true,
          "href": "https://streamblasters.pm/wp-json/wp/v2/tags?post=10319"
        }
      ],
      "curies": [
        { "name": "wp", "href": "https://api.w.org/{rel}", "templated": true }
      ]
    }
  },
  {
    "id": 10292,
    "date": "2024-05-26T02:48:57",
    "date_gmt": "2024-05-26T02:48:57",
    "guid": { "rendered": "https://www.streamblasters.link/?p=10292" },
    "modified": "2024-05-26T23:44:33",
    "modified_gmt": "2024-05-26T23:44:33",
    "slug": "veeram-2024-tamil-web-hd-watch-online",
    "status": "publish",
    "type": "post",
    "link": "https://streamblasters.pm/veeram-2024-tamil-web-hd-watch-online/",
    "title": { "rendered": "Veeram (2024) Tamil WEB-HD Watch Online" },
    "content": { "rendered": "", "protected": false },
    "excerpt": { "rendered": "", "protected": false },
    "author": 7,
    "featured_media": 10297,
    "comment_status": "open",
    "ping_status": "open",
    "sticky": false,
    "template": "",
    "format": "video",
    "meta": { "footnotes": "" },
    "categories": [2366],
    "tags": [],
    "cmb2": {
      "poster_feature_image": {
        "vid_m_player_background": "off",
        "vid_m_poster_image": "",
        "vid_m_poster_image_id": ""
      },
      "gif_feature_image": { "vid_m_gif_image": "", "vid_m_gif_image_id": "" },
      "video_movie_settings": {
        "vid_m_director": "",
        "vid_m_actor": "",
        "vid_m_imdb_ratings": "",
        "vid_m_amazon_associates": "",
        "vid_m_vid_tmdb_movie": "",
        "vid_m_vid_tmdb_tv_shows": "",
        "vid_m_vid_tmdb_thumb": "no"
      },
      "vid_ads_m_videoads_settings_post": {
        "vid_ads_m_video_ads": "",
        "vid_ads_m_video_ads_type": "",
        "vid_ads_m_group_google_ima": "",
        "vid_ads_m_group_image": "",
        "vid_ads_m_group_html5_video": "",
        "vid_ads_m_group_html": "",
        "vid_ads_m_vpaid_mode": "no",
        "vid_ads_m_vast_preroll": "",
        "vid_ads_m_vast_postroll": "",
        "vid_ads_m_vast_pauseroll": "",
        "vid_ads_m_vast_midroll": [{ "vid_ads_m_vast_timer_seconds": "50" }],
        "vid_ads_m_group_dynamic": [
          {
            "vid_ads_m_dynamic_type": "image",
            "vid_ads_m_dynamic_size_desktop": "336x280",
            "vid_ads_m_dynamic_size_mobile": "300x250",
            "vid_ads_m_dynamic_vertial_align": "bottom"
          }
        ],
        "vid_ads_m_time_to_show_ads": "",
        "vid_ads_m_time_skip_ads": "",
        "vid_ads_m_time_to_hide_ads": ""
      },
      "feature_image_settings": { "feature_image_position": "" },
      "video_player_settings": {
        "single_video_style": "",
        "video_player_position": "",
        "vm_video_url_btn_choose": "",
        "vm_video_url_btn_choose_id": "",
        "vm_video_url": "<iframe width=\"720\" height=\"304\" src=\"https://d000d.com/e/e7eulz71o3jr\" scrolling=\"no\" frameborder=\"0\" allowfullscreen=\"true\"></iframe>\r\n",
        "vm_video_ratio": "16:9",
        "vm_video_ratio_mobile": "16:9",
        "video_player_library": "",
        "plyr_player": "",
        "video_streaming": "",
        "vm_video_shortcode": "",
        "vm_video_timelapse": "",
        "vm_media_subtitles": "",
        "vm_media_sources": "",
        "vid_vtt_preview": "off",
        "vid_vtt_preview_vtt_file": "",
        "vid_vtt_preview_vtt_file_id": "",
        "vid_vtt_preview_sprite_image": "",
        "vid_vtt_preview_sprite_image_id": "",
        "vid_auto_play": "",
        "vid_preview_mode": "",
        "vm_video_trailer_manl_url": "",
        "vm_screenshot_preview": "",
        "vid_tags": "",
        "vid_p_sync_playlist": "",
        "vid_c_sync_channel": "",
        "get_post_format": "",
        "multiple_links_structure": "default",
        "multi_links_title": "Other Sources",
        "original_video_title": "Source 1",
        "multi_links_series": "",
        "vm_video_multi_links": [
          {
            "ml_label": "Source 2",
            "ml_url_mm": "",
            "ml_url": "<iframe width=\"720\" height=\"304\" src=\"https://vidhidepre.com/embed/3tjcj26bj3o7\" scrolling=\"no\" frameborder=\"0\" allowfullscreen=\"true\"></iframe>",
            "ml_shortcode": ""
          },
          {
            "ml_label": "Source 3",
            "ml_url": "<iframe width=\"720\" height=\"304\" src=\"https://swdyu.com/e/ggq5rx5r963k\" scrolling=\"no\" frameborder=\"0\" allowfullscreen=\"true\"></iframe>"
          }
        ],
        "vm_duration": "",
        "vid_social_locker": "off",
        "vid_locker_mode": "social",
        "vid_social_locker_id": "",
        "vid_social_email_locker_id": "",
        "vid_social_signin_locker_id": "",
        "sv_login_to_watch": "",
        "vid_membership_action": "content-video",
        "vm_video_trailer_url": "",
        "vid_download_type": "free",
        "vid_download_target": "download",
        "vid_woo_product": "",
        "vid_download_mode": "",
        "vid_download_mode_trailer": "",
        "vm_media_download": "",
        "user_rating": "",
        "user_rating_position": "",
        "user_rating_mode": "",
        "user_rating_multi_sets": "",
        "ads_above_single_player": ""
      },
      "video_auto_fetch_settings": { "vm_video_fetch": "on" },
      "video_fake_views_likes": {
        "vm_fake_views": "",
        "vm_fake_likes": "",
        "vm_fake_dislikes": ""
      },
      "gallery_settings": { "gallery_position": "" },
      "quote_settings": { "quote_position": "" },
      "post_options": {
        "main_layout": "",
        "main_logo": "",
        "main_logo_id": "",
        "main_logo_retina": "",
        "main_logo_retina_id": "",
        "main_logo_mobile": "",
        "main_logo_mobile_id": "",
        "main_logo_mobile_retina": "",
        "main_logo_mobile_retina_id": "",
        "sticky_logo": "",
        "sticky_logo_id": "",
        "sticky_logo_retina": "",
        "sticky_logo_retina_id": "",
        "main_nav_layout": "",
        "header_background": "",
        "theme_sidebar": "",
        "single_post_comment_type": "",
        "theme_background": ""
      }
    },
    "_links": {
      "self": [
        { "href": "https://streamblasters.pm/wp-json/wp/v2/posts/10292" }
      ],
      "collection": [
        { "href": "https://streamblasters.pm/wp-json/wp/v2/posts" }
      ],
      "about": [
        { "href": "https://streamblasters.pm/wp-json/wp/v2/types/post" }
      ],
      "author": [
        {
          "embeddable": true,
          "href": "https://streamblasters.pm/wp-json/wp/v2/users/7"
        }
      ],
      "replies": [
        {
          "embeddable": true,
          "href": "https://streamblasters.pm/wp-json/wp/v2/comments?post=10292"
        }
      ],
      "version-history": [
        {
          "count": 1,
          "href": "https://streamblasters.pm/wp-json/wp/v2/posts/10292/revisions"
        }
      ],
      "predecessor-version": [
        {
          "id": 10293,
          "href": "https://streamblasters.pm/wp-json/wp/v2/posts/10292/revisions/10293"
        }
      ],
      "wp:featuredmedia": [
        {
          "embeddable": true,
          "href": "https://streamblasters.pm/wp-json/wp/v2/media/10297"
        }
      ],
      "wp:attachment": [
        { "href": "https://streamblasters.pm/wp-json/wp/v2/media?parent=10292" }
      ],
      "wp:term": [
        {
          "taxonomy": "category",
          "embeddable": true,
          "href": "https://streamblasters.pm/wp-json/wp/v2/categories?post=10292"
        },
        {
          "taxonomy": "post_tag",
          "embeddable": true,
          "href": "https://streamblasters.pm/wp-json/wp/v2/tags?post=10292"
        }
      ],
      "curies": [
        { "name": "wp", "href": "https://api.w.org/{rel}", "templated": true }
      ]
    }
  }
]
