<?xml version="1.0" encoding="UTF-8"?>
<addon id="plugin.video.pkrstreams"
version="1.0.3"
name="PKR Streams"
provider-name="Ray A">
<requires>
  <import addon="xbmc.python" version="3.0.1"/>
  <import addon="script.module.requests" version="2.31.0"/>
  <import addon="script.module.requests-cache" version="0.5.2"/>
  <import addon="script.module.beautifulsoup4" version="4.12.2"/>
  <import addon="script.module.routing" version="0.2.0"/>
</requires>
<extension point="xbmc.python.pluginsource" library="addon.py">
  <provides>video</provides>
</extension>
<extension point="xbmc.addon.metadata">
  <summary lang="en_GB">PKR Streams Video Plugin</summary>
  <description lang="en_GB">PKR Streams plugin for Kodi mediacenter.</description>
  <disclaimer lang="en_GB">Movies are provided by Streamblasters.
  This addon parses the contents from Streamblasters page</disclaimer>
  <license>GPL-3.0-only	</license>
  <news>Enjoy the movies!!!</news>
</extension>
</addon>
