<?xml version="1.0" encoding="UTF-8" standalone="yes"?>
<addon id="repository.pkr.repo" name="PKR's Repository" version="1.0.0" provider-name="Ray A">
	<requires>
		<import addon="xbmc.addon" version="12.0.0"/>
	</requires>
    <extension point="xbmc.addon.repository" name="PKR's Repository">
		<dir minversion="19.9.0">
			<info compressed="true">https://raw.githubusercontent.com/rayep/pkr_movies/master/addons.xml.gz</info>
			<checksum>https://raw.githubusercontent.com/rayep/pkr_movies/master/addons.xml.gz.md5</checksum>
			<datadir zip="true">https://raw.githubusercontent.com/rayep/pkr_movies/master/addons</datadir>
		</dir>
    </extension>
    <extension point="xbmc.addon.metadata">
        <summary lang="en">PKR's Add-on Repository</summary>
        <description lang="en">PKR's Add-on Repository for Kodi Media Center</description>
        <platform>all</platform>
		<news></news>
    </extension>
</addon>
