<?xml version="1.0" encoding="UTF-8"?>
<addon id="plugin.video.pkrmovies"
version="2.0.4"
name="PKR Movies"
provider-name="Ray A">
<requires>
  <import addon="xbmc.python" version="3.0.1"/>
  <import addon="script.module.requests" version="2.31.0"/>
  <import addon="script.module.beautifulsoup4" version="4.12.2"/>
</requires>
<extension point="xbmc.python.pluginsource" library="addon.py">
  <provides>video</provides>
</extension>
<extension point="xbmc.addon.metadata">
  <summary lang="en_GB">PKR Movies Video Plugin</summary>
  <description lang="en_GB">PKR Movies plugin for Kodi mediacenter.</description>
  <disclaimer lang="en_GB">Movies are provided by TamilGun.Group.
  This addon parses the contents from TamilGun page</disclaimer>
  <license>GPL-3.0-only	</license>
  <assets>
    <icon>resources/images/icon.png</icon>
    <fanart>resources/images/fanart.jpg</fanart>
  </assets>
  <news>Enjoy the movies!!!</news>
</extension>
</addon>
